{"cameraMode":{"drawMode":0,"name":"Shaded","section":"Shading Mode"},"sceneLighting":true,"audioPlay":false,"sceneViewState":{"showFog":true,"showMaterialUpdate":false,"showSkybox":true,"showFlares":true,"showImageEffects":true,"showParticleSystems":true},"in2DMode":false,"pivot":{"x":12.354999542236329,"y":0.11500000953674317,"z":-12.34000015258789},"rotation":{"x":0.38841137290000918,"y":-0.019348854199051858,"z":0.008158293552696705,"w":0.9212468266487122},"size":47.91331481933594,"orthographic":true}